{"IcoMoonType":"selection","icons":[{"icon":{"paths":["M761.862 1024c113.726-206.032 132.888-520.306-313.862-509.824v253.824l-384-384 384-384v248.372c534.962-13.942 594.57 472.214 313.862 775.628z"],"tags":["undo","left","arrow-left"],"defaultCode":59751,"grid":16,"attrs":[]},"attrs":[],"properties":{"ligatures":"undo2, left","name":"undo2","order":6,"id":104,"prevSize":32,"code":59751},"setIdx":0,"setId":1,"iconIdx":103},{"icon":{"paths":["M576 248.372v-248.372l384 384-384 384v-253.824c-446.75-10.482-427.588 303.792-313.86 509.824-280.712-303.414-221.1-789.57 313.86-775.628z"],"tags":["redo","right","arrow-right"],"defaultCode":59752,"grid":16,"attrs":[]},"attrs":[],"properties":{"ligatures":"redo2, right","name":"redo2","order":7,"id":105,"prevSize":32,"code":59752},"setIdx":0,"setId":1,"iconIdx":104}],"height":1024,"metadata":{"name":"icomoon"},"preferences":{"showGlyphs":true,"showQuickUse":true,"showQuickUse2":true,"showSVGs":true,"fontPref":{"prefix":"icon-","metadata":{"fontFamily":"icomoon"},"metrics":{"emSize":1024,"baseline":6.25,"whitespace":50},"embed":false},"imagePref":{"prefix":"icon-","png":true,"useClassSelector":true,"color":0,"bgColor":16777215,"classSelector":".icon","name":"icomoon"},"historySize":50,"showCodes":true,"gridSize":16}}